W_net [kW],Q_in [kW],Q_out [kW],η_th [-],ε_ex [-],m_orc [kg/s],T_htf_in [°C],T_htf_out [°C],Vdot_htf [m3/s],P_evap [bar],T_turb_in [°C],E_dest_Pump [kW],E_dest_Evaporator [kW],E_dest_Turbine [kW],E_dest_Condenser [kW],E_dest_Total [kW],Evap_dT_lm [K],Evap_E_heat_in [kW]
11.478674480480255,254.91818452172996,-243.4395100412497,0.04502885701157886,0.3724765086701701,1.2155763269684583,70.0,62.0,0.0077777777777777776,3.6576118540006934,60.0,0.23713456185227702,10.501052985863272,2.7883654715591124,-4.979015351167972,8.54753766810669,18.18178989698514,30.81717695825129
11.621492113324152,254.88502732825577,-243.26353521493164,0.04559503645679947,0.3748078182180231,1.2141765418026729,70.29292929292927,62.29292929292927,0.0077777777777777776,3.6900255023923503,60.29292929292927,0.24122895255776008,10.508872674332576,2.822863572516166,-5.005119925910678,8.567845273495823,18.285133603693705,31.006536012447878
11.763687523532578,254.85182732753722,-243.08813980400464,0.04615892947243345,0.37709558174311514,1.2127802230460338,70.5858585858586,62.5858585858586,0.0077777777777777776,3.722658387856114,60.5858585858586,0.24534338017684443,10.51702359371961,2.857206659027023,-5.031191102873633,8.588382530049845,18.38819473890204,31.19550610790829
11.905263287038341,254.8185849765669,-242.91332168952857,0.046720545474079715,0.37934074148869384,1.2113873663747536,70.87878787878788,62.878787878787875,0.0077777777777777776,3.7555114840261643,60.878787878787875,0.24947790875957127,10.525503463195069,2.891395441528182,-5.057228488392807,8.609148325090015,18.490977063844035,31.38408819552849
12.046221966297965,254.78530073456747,-242.7390787682695,0.04727989382263299,0.38154421333846184,1.2099979675087542,71.17171717171715,63.17171717171715,0.0077777777777777776,3.7885857662826417,61.17171717171715,0.25363260243795427,10.534310017684216,2.925430627735201,-5.083231691884729,8.630141555972642,18.593484251595005,31.572283224780435
12.186566110364629,254.7519750629601,-242.56540895259548,0.047836983824572146,0.3837068877261709,1.2086120222114392,71.46464646464648,63.46464646464648,0.0077777777777777776,3.821882211745754,61.46464646464648,0.2578075254084021,10.543441007810635,2.9593129226535453,-5.1092003258255705,8.651361130047013,18.69571988994557,31.76009214372369
12.326298255006481,254.7186084251886,-242.3923101701821,0.04839182473245468,0.3858296305094816,1.207229526289067,71.75757575757575,63.75757575757575,0.0077777777777777776,3.8554017992851035,61.75757575757575,0.2620027419379795,10.552894199752256,2.993043028596972,-5.135134005692142,8.672805964595067,18.797687484150543,31.947515898998763
12.46542092271442,254.68520128669533,-242.21978036398093,0.048944425744950455,0.38791328380450985,1.205850475590477,72.05050505050502,64.05050505050502,0.0077777777777777776,3.8891455095025047,62.05050505050502,0.2662183163636933,10.562667375241038,3.0266216451864025,-5.161032349966467,8.694474986824666,18.89939045956614,32.13455543583913
12.603936622851677,254.65175411480206,-242.04781749195038,0.049494796007450916,0.38995866679107405,1.2044748660068845,72.34343434343435,64.34343434343435,0.0077777777777777776,3.9231143247500433,62.34343434343435,0.2704543131017857,10.572758331382104,3.060049469380173,-5.186894980061946,8.716367133802116,19.00083216417691,32.3212116980706
12.741847851716615,254.61826737863817,-241.87641952692155,0.050042944612329984,0.39196657648280503,1.2031026934715285,72.63636363636363,64.63636363636363,0.0077777777777777776,3.9573092291255096,62.636363636363626,0.2747107966466299,10.583164880585954,3.093327195482914,-5.212721520298628,8.73848135241687,19.10201587102361,32.507485628116
12.879157092593958,254.58474154897786,-241.7055844563839,0.0505888805991785,0.3939377884662422,1.2017339539589271,72.92929292929296,64.92929292929296,0.0077777777777777776,3.9917312084675536,62.929292929292956,0.2789878315695651,10.593884850508193,3.1264555151509956,-5.238511597878486,8.760816599350267,19.2029447805323,32.69337816698845
13.01586681582894,254.55117709827485,-241.5353102824459,0.05113261295509111,0.39587305761097985,1.2003686434851106,73.22222222222223,65.22222222222223,0.0077777777777777776,4.026381250354138,63.22222222222223,0.2832854825241926,10.604916083971336,3.159435117405378,-5.2642648428567425,8.783371841044165,19.303622022750766,32.878890254308466
13.151979478955132,254.5175745004854,-241.36559502153025,0.051674150615206534,0.39777311875372695,1.1990067581070596,73.5151515151515,65.5151515151515,0.0077777777777777776,4.0612603441167945,63.5151515151515,0.2876038142457573,10.6162564388103,3.192266688658531,-5.289980888078122,8.806146053636468,19.404050659497415,33.06402282829451
13.287497526726963,254.4839342310363,-241.19643670430932,0.052213502462846034,0.39963868735248903,1.1976482939225281,73.80808080808083,65.80808080808083,0.0077777777777777776,4.096369480831038,63.80808080808083,0.29194289155871206,10.627903787836246,3.224950912714057,-5.315659369163924,8.82913822294509,19.50423368642432,33.24877682577096
13.422423391194576,254.45025676670085,-241.02783337550628,0.05275067732983765,0.40147046011667253,1.1962932470695362,74.1010101010101,66.1010101010101,0.0077777777777777776,4.13170965331688,64.1010101010101,0.2963027793681616,10.639856018754077,3.257488470781704,-5.3412999244785295,8.852347344425414,19.60417403500448,33.433153182164
13.556759491789471,254.4165425855152,-240.85978309372575,0.05328568399687585,0.4032691156130721,1.194941613726199,74.39393939393938,66.39393939393938,0.0077777777777777776,4.167281856145041,64.39393939393938,0.3006835426797248,10.652111034044715,3.289880041492415,-5.366902195083078,8.875772423133776,19.70387457443624,33.61715283150244
13.690508235383705,254.38279216680024,-240.69228393141654,0.05381853119375606,0.40503531484761807,1.1935933901107927,74.6868686868687,66.6868686868687,0.0077777777777777776,4.20308708563092,64.6868686868687,0.3050852465814575,10.664666750927793,3.322126300906664,-5.392465824719312,8.899412473696604,19.80333811348344,33.80077670643196
13.823672016393122,254.34900599093308,-240.52533397453996,0.05434922759983541,0.4067697018265931,1.192248572480985,74.97979797979798,66.97979797979798,0.0077777777777777776,4.239126339847425,64.97979797979798,0.3095079562616665,10.677521101208931,3.3542279225346903,-5.417990459748237,8.923266520257052,19.90256740223835,33.984025738195676
13.956253216795432,254.31518453937764,-240.3589313225822,0.05487778184410563,0.408472904093656,1.1909071571338679,75.27272727272725,67.27272727272725,0.0077777777777777776,4.275400618610551,65.27272727272725,0.31395173699683787,10.690672031282272,3.3861855773370877,-5.443475749150733,8.947333596465466,20.001565133825498,34.16690085664898
14.088254206253167,254.28132829458406,-240.1930740883309,0.05540420250570648,0.410145533249863,1.1895691404058923,75.56565656565658,67.56565656565658,0.0077777777777777776,4.311910923497969,65.56565656565658,0.318416654177453,10.704117501959061,3.41799993375024,-5.468921344458088,8.971612745428665,20.100333946033555,34.349402990256436
14.219677342155848,254.24743773991452,-240.02776039775867,0.05592849811411684,0.4117881854518338,1.1882345186724024,75.85858585858585,67.85858585858585,0.0077777777777777776,4.348658257838704,65.85858585858585,0.3229027732828269,10.717855488448329,3.449671657688862,-5.49432689974368,8.996103019676339,20.198876422898174,34.53153306609157
14.350524969675408,254.21351335956237,-239.86298838988694,0.056450677149400275,0.4134014418917473,1.1869032883474293,76.15151515151513,68.15151515151513,0.0077777777777777776,4.385643626714589,66.15151515151513,0.32741015989732847,10.73188398027143,3.4812014125571142,-5.519692071587322,9.02080348113855,20.29719509621896,34.71329200983584
14.48079942186798,254.17955563851,-239.698756216642,0.05697074804262517,0.4149858692608411,1.1855754458837793,76.44444444444446,68.44444444444446,0.0077777777777777776,4.422868036971856,66.44444444444446,0.33193887971504393,10.74620098114245,3.5125898592714435,-5.545016519025856,9.045713201103082,20.39529244702285,34.894680745782246
14.610503019715136,254.14556506243562,-239.53506204272048,0.05748871917605877,0.41654202019422426,1.1842509877725673,76.73737373737373,68.73737373737373,0.0077777777777777776,4.460332497213279,66.73737373737373,0.3364889985368813,10.760804508928302,3.543837656257116,-5.570299903536087,9.070831260186212,20.4931709069772,35.075700196831484
14.739638072207848,254.11154211762653,-239.3719040454187,0.05800459888352875,0.4180704337006237,1.1829299105430584,77.030303030303,69.030303030303,0.0077777777777777776,4.4980380178081045,67.030303030303,0.3410605822713994,10.775692595536732,3.5749454594755665,-5.595541888987798,9.0961567482959,20.590832859752044,35.25635128448898
14.868206876375725,254.0774872909988,-239.20928041462307,0.05851839545054593,0.4195716355748029,1.1816122107627842,77.32323232323233,69.32323232323233,0.0077777777777777776,4.535985610882893,67.32323232323233,0.3456536969438018,10.790863286889138,3.6059139224214647,-5.620742141633651,9.121688764620753,20.688280642331534,35.436634928876074
14.996211717406789,254.0434010699222,-239.0471893525154,0.05903011711482824,0.4210461387979403,1.180297885037079,77.6161616161616,69.6161616161616,0.0077777777777777776,4.574176290340606,67.6161616161616,0.3502684086969503,10.8063146427662,3.6367436961494874,-5.645900330042094,9.147426417570543,20.78551654628187,35.616552048713736
15.123654868653139,254.0092839422718,-238.88562907361865,0.05953977206632441,0.42249444392008056,1.1789869300091997,77.90909090909093,69.90909090909093,0.0077777777777777776,4.6126110718438325,67.90909090909093,0.35490478378606705,10.822044736819752,3.6674354292691618,-5.671016125101789,9.173368824773192,20.882542818976525,35.79610356133806
15.250538591753429,253.97513639627064,-238.7245978045172,0.06004736844774608,0.4239170394325241,1.1776793423600287,78.20202020202021,70.20202020202021,0.0077777777777777776,4.651290972837123,68.20202020202021,0.35956288859085456,10.838051656406648,3.6979897679744216,-5.6960891999528505,9.199515113019075,20.979361664774405,35.97529038268558
15.376865136638443,253.94095892044913,-238.56409378381068,0.06055291435461374,0.4253144021235895,1.17637511880782,78.49494949494948,70.49494949494948,0.0077777777777777776,4.690217012532923,68.49494949494948,0.36424278961175655,10.854333502586936,3.7284073560378435,-5.721119229982395,9.22586441825414,21.07597524616266,36.15411342729507
15.502636741628042,253.90675200368005,-238.404115262052,0.061056417835644444,0.4266869974242101,1.1750742561086644,78.78787878787881,70.78787878787881,0.0077777777777777776,4.72939021192416,68.78787878787881,0.36894455348236155,10.870888390007483,3.7586888348350698,-5.746105892778563,9.252415885546352,21.172385684855797,36.33257360831972
15.627855633479896,253.87251613496483,-238.24466050148493,0.061557886893009506,0.428035279740514,1.1737767510555588,79.08080808080808,71.08080808080808,0.0077777777777777776,4.768811593782981,69.08080808080808,0.37366824695466955,10.887714446844033,3.78883484334764,-5.7710488681005145,9.279168669045829,21.268595062864097,36.51067183750345
15.752524027468114,253.8382518035413,-238.08572777607318,0.062057329482633754,0.4293596927750898,1.1724826004792104,79.37373737373736,71.37373737373736,0.0077777777777777776,4.8084821826703354,69.37373737373736,0.37841393691908193,10.904809814705317,3.818846018183457,-5.7959478378397185,9.306121931968136,21.364605423519123,36.688409025203285
15.876644127388765,253.80395949869106,-237.9273153713023,0.06255475351427937,0.4306606698356424,1.1711918012470857,79.66666666666669,71.66666666666669,0.0077777777777777776,4.84840300492335,69.66666666666669,0.38318169039671107,10.922172648617408,3.848722993572405,-5.820802486011468,9.333274846575057,21.460418772470288,36.865786080367954
16.00021812570113,253.76963970977516,-237.76942158407405,0.06305016685210987,0.431938634136292,1.1699043502640594,79.95959595959596,71.95959595959596,0.0077777777777777776,4.888575088682577,69.95959595959596,0.3879715745474078,10.939801116861435,3.878466401398782,-5.8456124986834554,9.36062659412417,21.55603707864591,37.04280391054923
16.123248203508883,253.73529292613952,-237.61204472263066,0.0635435773146554,0.43319399908447936,1.1686202444718738,80.25252525252523,72.25252525252523,0.0077777777777777776,4.928999463872907,70.25252525252523,0.3927836566683881,10.957693400990014,3.908076871191536,-5.87037756398057,9.388176364869368,21.65146227518446,37.219463421894275
16.2457365306662,253.70091963710072,-237.45518310643453,0.06403499267525105,0.43442716856129526,1.167339480849413,80.54545454545456,72.54545454545456,0.0077777777777777776,4.969677162221058,70.54545454545456,0.39761800420109294,10.97584769569982,3.9375550301499516,-5.8950973720323905,9.415923358018473,21.74669626033399,37.39576551914942
16.367685265826143,253.66652033183712,-237.29883506601098,0.06452442066227165,0.4356385371909492,1.1660620564124016,80.83838383838383,72.83838383838383,0.0077777777777777776,5.01060921725881,70.83838383838383,0.40247468473241393,10.994262208765129,3.966901503151753,-5.919771614938716,9.44386678171058,21.841740898323184,37.57171110564963
16.489096556462783,253.63209549940584,-237.14299894294305,0.06501186895923199,0.4368284906002526,1.1647879682134779,81.1313131313131,73.1313131313131,0.0077777777777777776,5.051796664313506,71.1313131313131,0.4073537659950066,11.012935161018842,3.996116912754374,-5.944399986763185,9.472005853005037,21.93659802020587,37.74730108332648
16.609972538984486,253.5976456286675,-236.987673089683,0.06549734520526969,0.43799740567196793,1.1635172133423224,81.42424242424244,73.42424242424244,0.0077777777777777776,5.0932405405327925,71.42424242424244,0.41225531587582676,11.03186478620676,4.025201879221065,-5.968982183464375,9.500339797839278,22.031269424675283,37.92253635270227
16.730315338741306,253.56317120824556,-236.83285586950427,0.06598085699520254,0.4391456507868952,1.1622497889253998,81.71717171717171,73.71717171717171,0.0077777777777777776,5.134941884870745,71.71717171717171,0.41717940241123186,11.051049330983357,4.054157020519732,-5.993517902897114,9.528867851017207,22.125756878857224,38.0974178128888
16.85012707010146,253.52867272644605,-236.6785456563446,0.06646241187986858,0.44027358605980343,1.1609856921259951,82.01010101010104,74.01010101010104,0.0077777777777777776,5.17690173810408,72.01010101010104,0.4221260937997046,11.070487054802218,4.082982952340441,-6.018006844757429,9.557589256184933,22.2200621190729,38.271946361580426
16.969409836494954,253.49415067126074,-236.5247408347658,0.06694201736631558,0.4413815635666059,1.1597249201442617,82.30303030303031,74.30303030303031,0.0077777777777777776,5.219121142828156,72.30303030303031,0.4270954583956804,11.090176229877901,4.111680288101308,-6.042448710568051,9.586503265806838,22.31418685158362,38.446122895058835
17.088165730484434,253.45960553033152,-236.37143979984708,0.06741968091810785,0.44246992756485726,1.1584674702173892,82.59595959595958,74.59595959595958,0.0077777777777777776,5.261601143469448,72.59595959595958,0.43208756471590937,11.110115141095214,4.140249638964807,-6.0668432036334465,9.615609141142484,22.408132753308436,38.61994830819243
17.206396833796102,253.4250377908608,-236.21864095706474,0.06789540995549025,0.443539014706139,1.1572133396193616,82.88888888888891,74.88888888888891,0.0077777777777777776,5.304342786285425,72.88888888888891,0.4371024814499064,11.13030208595347,4.168691613845244,-6.091190029015857,9.644906152232764,22.50190147252006,38.793423494426925
17.32410521738715,253.3904479395765,-236.06634272218935,0.06836921185568233,0.44458915424240814,1.1559625256609807,83.18181818181819,75.18181818181819,0.0077777777777777776,5.347347119371595,73.18181818181819,0.4421402774496674,11.150735374499146,4.197006819419123,-6.115488893499481,9.674393577868454,22.595494629522697,38.96654934578395
17.44129294149092,253.3558364627567,-235.9145435212658,0.06884109395306862,0.44562066822501983,1.1547150256902179,83.47474747474746,75.47474747474746,0.0077777777777777776,5.3906151926650505,73.47474747474746,0.4472010217418662,11.171413329266354,4.225195860137582,-6.139739505564903,9.7040707055809,22.68891381730588,39.139326752869096
17.557962055668114,253.3212038461275,-235.7632417904594,0.06931106353944685,0.44663387169775015,1.1534708370919402,83.76767676767679,75.76767676767679,0.0077777777777777776,5.434148057950118,73.76767676767679,0.45228478352830176,11.192334285207139,4.253259338234621,-6.163941575354133,9.733936831615928,22.782160602180273,39.31175660485975
17.67411459885976,253.2865505748326,-235.61243597597286,0.06977912786426457,0.44762907288358544,1.1522299572880466,84.06060606060606,76.06060606060606,0.0077777777777777776,5.477946768865765,74.06060606060606,0.45739163218944756,11.213496589624821,4.281197853739883,-6.1880948146365675,9.763991260917583,22.875236524393827,39.48383978950414
17.78975259943195,253.25187713342817,-235.46212453399622,0.07024529413481602,0.44860657336533516,1.1509923837376235,84.35353535353534,76.35353535353534,0.0077777777777777776,5.522012380908553,74.35353535353534,0.46252163729090606,11.234898602116605,4.309012004489048,-6.2121989367843105,9.79423330711225,22.968143098729502,39.655577193124124
17.90487807523132,253.21718400580897,-235.31230593057765,0.07070956951650079,0.44956666826094177,1.1497581139368411,84.64646464646466,76.64646464646466,0.0077777777777777776,5.566345951439987,74.64646464646466,0.4676748685804784,11.25653869450716,4.336702386132153,-6.23625365673502,9.82466229248477,23.060881815087306,39.826969700606895
18.019493033638174,253.18247167521002,-235.16297864157187,0.07117196113305234,0.4505096463930985,1.1485271454192256,84.93939393939394,76.93939393939394,0.0077777777777777776,5.610948539694029,74.93939393939394,0.47285139599438525,11.278415250781528,4.364269592148585,-6.260258690961584,9.855277547962913,23.1534541390465,39.998018195408434
18.13359947159133,253.14774062414324,-235.0141411525519,0.07163247606667318,0.4514357904529822,1.1472994757555448,85.23232323232321,77.23232323232321,0.0077777777777777776,5.655821206776682,75.23232323232321,0.4780512896652257,11.300526667042298,4.39171421385069,-6.284213757448688,9.886078413109525,23.24586151241226,40.168723559546784
18.247199375668576,253.1129913343958,-234.8657919587272,0.07209112135837235,0.4523453771601723,1.1460751025541371,85.52525252525254,77.52525252525254,0.0077777777777777776,5.700965015682307,75.52525252525254,0.48327461991981263,11.322871351420812,4.4190368404022955,-6.308118575648155,9.917064236094763,23.33810535374801,40.33908667360465
18.360294722108943,253.07822428694402,-234.7179295648351,0.07254790400809734,0.4532386774163477,1.1448540234606184,85.81818181818181,77.81818181818181,0.0077777777777777776,5.74638103128976,75.81818181818181,0.4885214572779446,11.34544772404412,4.446238058821049,-6.3319728664614265,9.948234373681686,23.430187058892233,40.509108416718526
18.47288747687954,253.04343996200552,-234.570552485126,0.07300283097500272,0.45411595645510694,1.1436362361585428,86.11111111111109,78.11111111111109,0.0077777777777777776,5.792070320379166,76.11111111111109,0.4937918724709996,11.368254216945147,4.473318453997745,-6.3557763521956865,9.979588191218205,23.522108001456573,40.67878966658978
18.58497959569075,253.0086388389245,-234.42365924323374,0.0734559091775625,0.4549774739862436,1.1424217383689719,86.40404040404042,78.40404040404042,0.0077777777777777776,5.838033951627362,76.40404040404042,0.49908593643327104,11.39128927404158,4.50027860869648,-6.379528756548033,10.011125062623297,23.613869533315594,40.84813129946885
18.69657302407596,252.97382139620044,-234.27724837212446,0.07390714549389645,0.45582348433694936,1.1412105278509344,86.69696969696969,78.69696969696969,0.0077777777777777776,5.884272995623698,76.69696969696969,0.504403720308082,11.41455135104329,4.52711910357311,-6.403229804562019,10.042844370362463,23.705472985079396,41.017134190162224
18.80766969743017,252.93898811144587,-234.1313184140157,0.07435654676195447,0.4566542365878729,1.1400026024015557,86.98989898989896,78.98989898989896,0.0077777777777777776,5.930788524878666,76.98989898989896,0.509745295454092,11.438038915397108,4.553840517185105,-6.42687922259495,10.074745505441355,23.79691966655299,41.185799212028236
18.918271541022975,252.90413946133228,-233.98586792030932,0.0748041197796032,0.4574699747044872,1.138797959855891,87.28282828282829,79.28282828282829,0.0077777777777777776,5.977581613817925,77.28282828282829,0.5151107334466833,11.46175044626273,4.580443425993874,-6.450476738304964,10.106827867398323,23.88821086718419,41.354127236970356
19.02838047008539,252.8692759215912,-233.8408954515058,0.0752498713049886,0.458270937666198,1.137596598087367,87.57575757575756,79.57575757575756,0.0077777777777777776,6.02465333880487,77.57575757575756,0.5205001060810105,11.485684434413695,4.606928404384522,-6.474022080600074,10.139090864279153,23.979347856498364,41.52211913543939
19.13799838982865,252.8343979669905,-233.69639957716186,0.0756938080566366,0.45905735959001565,1.136398515007866,87.8686868686869,79.8686868686869,0.0077777777777777776,6.072004778140103,77.8686868686869,0.5259134853795386,11.509839382203317,4.633296024671019,-6.4975149796171605,10.171533912636715,24.070331884521043,41.68977577643196
19.247127195493686,252.7995060712965,-233.5523788758028,0.07613593671367958,0.45982946985132234,1.1352037085678452,88.16161616161617,80.16161616161617,0.0077777777777777776,6.119637012071548,78.16161616161617,0.5313509435915291,11.534213803505487,4.659546857108818,-6.520955166690428,10.204156437515408,24.161164182189147,41.85709802748593
19.355768772395702,252.76460070726617,-233.40883193487045,0.07657626391605431,0.46058749320089765,1.1340121767565912,88.45454545454544,80.45454545454544,0.0077777777777777776,6.167551122803238,78.45454545454544,0.5368125532018226,11.55880622365364,4.68568146990329,-6.544342374316376,10.236957872442378,24.251845961751147,42.02408675468129
19.463924995963037,252.72968234658623,-233.2657573506232,0.07701479626469347,0.4613316498784748,1.1328239176021577,88.74747474747477,80.74747474747477,0.0077777777777777776,6.215748194500436,78.74747474747477,0.5422983869271045,11.583615179393448,4.711700429220411,-6.567676336129652,10.269937659411312,24.342378417157533,42.19074282263156
19.5715977317787,252.69475145989443,-233.12315372811574,0.07745154032170287,0.4620621557228899,1.1316389291718463,89.04040404040404,81.04040404040404,0.0077777777777777776,6.264229313301657,79.04040404040404,0.5478085177313732,11.608639218821661,4.7376042991976135,-6.590956786866245,10.303095248884402,24.432762724437154,42.35706709448906
19.678788835625177,252.65980851673908,-232.9810196811139,0.07788650261057024,0.46277922227921425,1.1304572095722054,89.33333333333331,81.33333333333331,0.0077777777777777776,6.31299556732404,79.33333333333331,0.5533430188148232,11.63387690134184,4.76339364195292,-6.614183462336888,10.336430099772693,24.523000042069203,42.5230604319399
19.785500153519205,252.62485398554645,-232.83935383202726,0.07831968961633207,0.46348305690254166,1.1292787569492786,89.62626262626264,81.62626262626264,0.0077777777777777776,6.362048046674994,79.62626262626264,0.5589019636368893,11.659326797596435,4.789069017596315,-6.6373560993924805,10.369941679437158,24.613091511338787,42.68872369519988
19.891733521764188,252.58988833363648,-232.69815481187229,0.07875110778579524,0.46417386285910806,1.128103569488856,89.91919191919192,81.91919191919192,0.0077777777777777776,6.411387843458686,79.91919191919192,0.5644854258973573,11.684987489430558,4.814630984238853,-6.660474435897344,10.403629463669423,24.70303825669024,42.854057743018544
19.997490766969378,252.5549120271538,-232.5574212601844,0.07918076352765342,0.46485183942389385,1.1269316454166,90.21212121212119,82.21212121212119,0.0077777777777777776,6.46101605178724,80.21212121212119,0.5700934795674215,11.710857569825492,4.8400800980037175,-6.683538210694191,10.43749293670244,24.792841386062733,43.01906343266905
20.10277370611432,252.51992553108786,-232.41715182497353,0.0796086632127549,0.46551718197632924,1.1257629829982951,90.50505050505052,82.50505050505052,0.0077777777777777776,6.510933767788722,80.50505050505052,0.5757261988672879,11.736935642855634,4.865416913035617,-6.7065471635764515,10.471531591182085,24.88250199122712,43.183741619952734
20.207584146567232,252.48492930924203,-232.2773451626748,0.08003481317420377,0.4661700820923137,1.1245975805401374,90.79797979797979,82.79797979797979,0.0077777777777777776,6.561142089617687,80.79797979797979,0.5813836582908851,11.76322032363436,4.890641981511028,-6.729501035254642,10.505744928181631,24.972021148104123,43.34809315919508
20.311923886133137,252.44992382420872,-232.1379999380756,0.0804592197075772,0.4668107276343059,1.1234354363888428,91.09090909090907,83.09090909090907,0.0077777777777777776,6.611642117463315,81.09090909090907,0.5870659325975858,11.789710238266448,4.915755853648854,-6.752399567329693,10.540132457183194,25.061399917081943,43.512118903242644
20.41579471308991,252.41490953736525,-231.99911482427532,0.08088188907108808,0.4674393028385663,1.1222765489319921,91.3838383838384,83.3838383838384,0.0077777777777777776,6.6624349535606875,81.3838383838384,0.5927730968241567,11.816404023793798,4.940759077719399,-6.77524250225803,10.574693696079322,25.150639343321405,43.67581970346353
20.51919840622807,252.37988690884353,-231.86068850261546,0.08130282748577089,0.4680559884000943,1.1211209165982239,91.67676767676767,83.67676767676767,0.0077777777777777776,6.713521702202281,81.67676767676767,0.5985052262839278,11.843300328145979,4.965652200056887,-6.79802958332057,10.609428171166222,25.23974045705493,43.83919640974288
20.62213673488145,252.34485639753657,-231.72271966265512,0.08172204113561939,0.46866096155491765,1.1199685378575222,91.969696969697,83.969696969697,0.0077777777777777776,6.76490346974337,81.969696969697,0.6042623965745084,11.870397810100727,4.9904357650649125,-6.820760554597039,10.644335417143107,25.328704273877946,44.00224987048543
20.7246114589725,252.30981846104066,-231.58520700206816,0.08213953616780316,0.4692543961605576,1.1188194112214076,92.26262626262627,84.26262626262627,0.0077777777777777776,6.816581364621099,82.26262626262627,0.6100446835856816,11.897695139213326,5.015110315233066,-6.843435160925102,10.67941497710697,25.41753179503146,44.16498093260586
20.826624329040932,252.2747735557176,-231.44814922667666,0.08255531869277904,0.4698364627736685,1.1176735352433662,92.55555555555554,84.55555555555554,0.0077777777777777776,6.868556497353849,82.55555555555554,0.6158521634911394,11.925190995803412,5.039676391139846,-6.8660531478829965,10.714666402551398,25.506224007681585,44.32739044154097
20.928177086282222,252.23972213657981,-231.3115450502976,0.082969394784499,0.4704073287260967,1.1165309085188748,92.84848484848487,84.84848484848487,0.0077777777777777776,6.920829980563896,82.84848484848487,0.6216849127710808,11.95288407087132,5.064134531468532,-6.888614261744286,10.750089253366646,25.594781885185277,44.489479241230185
21.02927146258227,252.20466465738184,-231.17539319479957,0.08338177048053563,0.4709671581983935,1.1153915296859762,93.14141414141415,85.14141414141415,0.0077777777777777776,6.973402928978713,83.14141414141415,0.6275430082022825,11.98077306608112,5.088485273013664,-6.9111182494597685,10.7856830978373,25.683206387357238,44.65124817413224
21.129909180562418,252.1696015705228,-231.03969238996035,0.08379245178231025,0.47151611229190193,1.114255397425331,93.43434343434342,85.43434343434342,0.0077777777777777776,7.026276459452691,83.43434343434342,0.633426526869568,12.008856693685402,5.112729150694381,-6.933564858611649,10.8214475126377,25.77149846072427,44.81269808120895
21.230091953591213,252.1345333270681,-230.9044413734769,0.08420144465515006,0.4720543490979348,1.1131225104605436,93.72727272727275,85.72727272727275,0.0077777777777777776,7.0794516909677,83.72727272727275,0.6393355461703623,12.037133676508724,5.136866697559967,-6.955953837397881,10.85738208284117,25.85965903877644,44.97382980192967
21.329821485841098,252.0994603767608,-230.76963889091968,0.08460875502852659,0.4725820237661007,1.1119928675586495,94.02020202020202,86.02020202020202,0.0077777777777777776,7.132929744653215,84.02020202020202,0.6452701438176991,12.065602747883133,5.160898444803973,-6.978284934590327,10.89348640191448,25.947689042211074,45.13464417427367
21.429099472305854,252.06438316796678,-230.63528369566092,0.0850143887961603,0.4730992885700461,1.110866467530199,94.3131313131313,86.3131313131313,0.0077777777777777776,7.186711743794554,84.3131313131313,0.6512303978478716,12.094262651611729,5.184824921771366,-7.000557899507212,10.929760071723754,26.03558937917115,45.29514203472134
21.527927598843725,252.02930214771686,-230.50137454887312,0.08541835181619474,0.4736062929718295,1.1097433092297984,94.60606060606062,86.60606060606062,0.0077777777777777776,7.240798813845823,84.60606060606062,0.657216386624516,12.123112141922398,5.208646655971766,-7.0227724819844255,10.966202702534254,26.123360945477497,45.45532421826208
21.62630754220775,251.9942177616184,-230.36791021941062,0.08582064991136351,0.474103183684544,1.1086233915561279,94.8989898989899,86.8989898989899,0.0077777777777777776,7.29519208244544,84.8989898989899,0.6632281888417024,12.152149983417644,5.232364173086044,-7.044928432334741,11.00281391301065,26.21100462485654,45.615191558378854
21.724240970075112,251.95913045394377,-230.23488948386867,0.08622128886909355,0.4745901047329276,1.107506713452646,95.19191919191917,87.19191919191917,0.0077777777777777776,7.349892679423908,85.19191919191917,0.6692658835296161,12.18137495104758,5.255977996978366,-7.0670255013279,11.039593330227664,26.29852128916157,45.77474488706477
21.821729541084515,251.9240406675512,-230.1023111264667,0.08662027444169698,0.47506719751286136,1.106393273907681,95.4848484848485,87.4848484848485,0.0077777777777777776,7.404901736822297,85.4848484848485,0.6753295500634655,12.210785830047733,5.279488649707041,-7.089063440150096,11.076540589668145,26.385911798588587,45.93398503480919
21.918774904858846,251.888948843906,-229.97017393904716,0.08701761234647008,0.47553460084880045,1.10528307195483,95.77777777777777,87.77777777777777,0.0077777777777777776,7.460220388899176,85.77777777777777,0.6814192681632176,12.240381415917398,5.3028966515309115,-7.111042000380074,11.113655335231453,26.47317700188823,46.09291283060194
22.01537870203727,251.85385542303618,-229.8384767209989,0.08741330826585235,0.4759924510500278,1.1041761066732372,96.07070707070704,88.07070707070704,0.0077777777777777776,7.515849772149737,86.07070707070704,0.6875351179061364,12.270160514361493,5.3262025209233705,-7.132960933950752,11.150937219240248,26.560317736570923,46.25152910192563
22.111542564319727,251.81876084360047,-229.70721827928074,0.08780736784759559,0.47644088196549955,1.103072377188218,96.36363636363637,88.36363636363637,0.0077777777777777776,7.571791025317726,86.36363636363637,0.6936771797224737,12.300121941259135,5.349406774579794,-7.154819993119969,11.188385902441436,26.647334829110132,46.4098346747685
22.207268114480545,251.78366554280947,-229.57639742832893,0.08819979670486114,0.47688002503688276,1.1019718826713656,96.65656565656565,88.65656565656565,0.0077777777777777776,7.628045289409948,86.65656565656565,0.699845534412983,12.330264522615188,5.372509927430432,-7.1766189304393135,11.226001054019289,26.734229095136566,46.56783037361021
22.302556966404143,251.74856995644447,-229.44601299004032,0.0885906004163708,0.47731000935051016,1.1008746223409775,96.94949494949492,88.94949494949492,0.0077777777777777776,7.684613707708926,86.94949494949492,0.7060402631415368,12.360587094531638,5.395512492646393,-7.198357498720518,11.263782351599048,26.82100133963324,46.725517021425745
22.397410725114725,251.71347451887894,-229.31606379376422,0.08897978452653268,0.4777309616878686,1.0997805954626128,97.24242424242425,89.24242424242425,0.0077777777777777776,7.741497425789169,87.24242424242425,0.7122614474541024,12.391088503158748,5.418414981653939,-7.220035451006678,11.301729481260113,26.90765235712025,46.88289543968965
22.491830986800327,251.67837966300507,-229.18654867620475,0.08936735454557786,0.47814300657485426,1.0986898013491209,97.53535353535352,89.53535353535352,0.0077777777777777776,7.798697591529645,87.53535353535352,0.718509169272113,12.421767604663117,5.441217904139542,-7.241652540536702,11.33984213753807,26.994182931841003,47.03996644836253
22.58581933885476,251.6432858203088,-229.05746648145401,0.08975331594971558,0.47854626632986846,1.097602239361473,97.82828282828285,89.82828282828285,0.0077777777777777776,7.856215355134702,87.82828282828285,0.7247835109056481,12.452623265179376,5.463921768066633,-7.263208520712236,11.378120023439422,27.0805938379399,47.19673086590554
22.67937735988784,251.60819342082718,-228.92881606093934,0.09013767418120386,0.4789408611102507,1.0965179089089354,98.12121212121212,90.12121212121212,0.0077777777777777776,7.914051869142375,88.12121212121212,0.7310845550610494,12.483654360783973,5.486527079679426,-7.284703145069703,11.416562850454746,27.16688583963704,47.35318950927246
22.772506619760424,251.5731028931189,-228.80059627335848,0.09052043464851388,0.4793269089580287,1.0954368094493656,98.4141414141414,90.4141414141414,0.0077777777777777776,7.972208288442872,88.4141414141414,0.7374123848371197,12.51485977745515,5.509034343515793,-7.306136167245401,11.455170338562663,27.253059691401667,47.50934319390454
22.86520867961947,251.53801466432023,-228.67280598470077,0.09090160272646383,0.4797045258443632,1.0943589404899554,98.70707070707073,90.70707070707073,0.0077777777777777776,8.030685770297618,88.70707070707073,0.7437670837421849,12.54623841102709,5.531444062418114,-7.327507340940299,11.49394221624709,27.33911613811725,47.66519273374112
22.957485091908744,251.50292916010451,-228.54544406819576,0.09128118375629023,0.48007382571254625,1.0932843015874265,99.0,91.0,0.0077777777777777776,8.089485474349631,89.0,0.7501487356952677,12.577789167168056,5.5537567375412635,-7.348816419893141,11.53287822051145,27.425055915246183,47.82073894121233
